,title,price,link
0,Professional Supplier Customized 15kg Empty Lpg Gas Cylinders Plastic Cooking Gas Cylinder Price,"US$16,50 - US$100,00",https://www.alibaba.com/product-detail/Professional-Supplier-Customized-15kg-Empty-Lpg_1600874658300.html?s=p
1,High Pressure Professional Medical Grade Gas Accessories 40l 48kg Oxygen Gas Cylinder On Sale,"US$76,00 - US$80,00",https://www.alibaba.com/product-detail/High-Pressure-Professional-Medical-Grade-Gas_1600895283331.html?s=p
2,37Mn Chinese Manufacture CO2 Fire Fighting Gas Cylinder 267-68L 45Kg,"US$116,00 - US$120,50",https://www.alibaba.com/product-detail/37Mn-Chinese-Manufacture-CO2-Fire-Fighting_1600734448543.html?s=p
3,CE ISO certified 3 phase 1MW 1000 kW 1250 kva biogas generator set,"US$243 000,00",https://www.alibaba.com/product-detail/CE-ISO-certified-3-phase-1MW_1600381083022.html?s=p
4,Apply 40L 50L Arc Bottle Tank mini 20L Welding Price Cylinder Argon gas,"US$73,00 - US$78,00",https://www.alibaba.com/product-detail/Apply-40L-50L-Arc-Bottle-Tank_1600198815381.html?s=p
5,Environmental Friendly Inergen 80L Ig541 Inert Clean Gas Inergen Fire Suppression System,"US$700,00 - US$750,00",https://www.alibaba.com/product-detail/Environmental-Friendly-Inergen-80L-Ig541-Inert_1600910822175.html?s=p
6,High quality portable 4in1 multi gas detector for h2s co lel o2 leak gas detection manufacture handheld gas monitor CE ISO9001,"US$110,00 - US$130,00",https://www.alibaba.com/product-detail/High-quality-portable-4in1-multi-gas_1600685989610.html?s=p
7,ISO TPED CE 1000 litre lpg gas tank Cylinder for cooking heating,"US$10,00 - US$80,00",https://www.alibaba.com/product-detail/ISO-TPED-CE-1000-litre-lpg_1600597110460.html
8,10L 15L 20L 40l 50L 68L CE ISO standard oxygen gas cylinder used for industry and medical,"US$58,00 - US$66,00",https://www.alibaba.com/product-detail/10L-15L-20L-40l-50L-68L_1600457994303.html
9,kitchen restaurant cooking 12.5kg lpg cylinder DOT CE ISO4706 BV propane butane gas cylinder tank bottle,"US$16,05 - US$16,10",https://www.alibaba.com/product-detail/kitchen-restaurant-cooking-12-5kg-lpg_1600062826594.html
10,DOT CE ISO4706 12.5kg 26.2L tare weight 14kg 15kg lpg propane butane gas cylinder tank bottle africa kitchen restaurant cooking,"US$17,00 - US$18,00",https://www.alibaba.com/product-detail/DOT-CE-ISO4706-12-5kg-26_1600542963844.html
11,DOT ISO9809 CE 5L/10L/13.4L/20L/40L/50L High Pressure Nitrogen/Argon/Acetylene/CO2/ Oxygen gas Cylinder,"US$40,00 - US$80,00",https://www.alibaba.com/product-detail/DOT-ISO9809-CE-5L-10L-13_1600261676461.html
12,CE propane gas cylinder empty lpg gaz tank 50kg LPG gas tank,"US$54,00 - US$100,00",https://www.alibaba.com/product-detail/CE-propane-gas-cylinder-empty-lpg_1600187314316.html
13,CE refillable refrigerant gas cylinder for refrigerant r410a r134a r408a r407c r417a r404a r507 r32,"US$25,00 - US$35,00",https://www.alibaba.com/product-detail/CE-refillable-refrigerant-gas-cylinder-for_706475420.html
14,Iso9809 Ce Factory Supply 8liter Argon Gas Cylinders 99.999% Purity Argon Gas Prices,"US$35,00 - US$38,00",https://www.alibaba.com/product-detail/Iso9809-Ce-Factory-Supply-8liter-Argon_1600687772896.html
15,DOT CE ISO4706 9kg lpg propane butane gas cylinder tank bottle kitchen restaurant cooking with SABS certififed V6S2 POL valve,"US$16,00",https://www.alibaba.com/product-detail/DOT-CE-ISO4706-9kg-lpg-propane_1600443991806.html
16,TPED DOT CE empty steel gas bottle butane Empty 15kg gas cylinder for cooking in Cambodia and Ghana market,"US$20,00 - US$200,00",https://www.alibaba.com/product-detail/TPED-DOT-CE-empty-steel-gas_1600109472305.html
17,"8L High Pressure CO2,ARGON gas cylinder with CE(TPED) certificate","US$1,00",https://www.alibaba.com/product-detail/8L-High-Pressure-CO2-ARGON-gas_60514452387.html
18,China Supplier Hydrogen Industrial Chlorine ce Seamless 12.5kg LPG Gas Cylinder,"US$15,00 - US$17,00",https://www.alibaba.com/product-detail/China-Supplier-Hydrogen-Industrial-Chlorine-ce_1600912729452.html
19,DOT\CE approval argon gas cylinder for industrial use,"US$62,00 - US$82,00",https://www.alibaba.com/product-detail/DOT-CE-approval-argon-gas-cylinder_60727012273.html
20,DOT CE12.5kg 26.5L Weight 15kg Lpg Propane Butane Gas Cylinder Tank Bottle,"US$15,00 - US$40,00",https://www.alibaba.com/product-detail/DOT-CE12-5kg-26-5L-Weight_1600217726381.html
21,CE TUV approved 8kg 10kg steel argon cylinder co2 gas cylinder with pi mark for European,"US$20,00 - US$35,00",https://www.alibaba.com/product-detail/CE-TUV-approved-8kg-10kg-steel_60828503660.html
22,DOT CE ISO4706 BV 35.5L tare weight 16.5kg lpg propane butane gas cylinder tank bottle Yemen kitchen restaurant cooking,"US$15,30 - US$100,00",https://www.alibaba.com/product-detail/DOT-CE-ISO4706-BV-35-5L_1600346312734.html
23,DOT CE ISO4706 12kg 25lb lpg/propane/butane gas cylinder/tank/bottle Haiti Dominica Costa Rica Puerto Rico Nicaragua Honduras,"US$3,00 - US$5,00",https://www.alibaba.com/product-detail/DOT-CE-ISO4706-12kg-25lb-lpg_62586698743.html
24,210L liquid gas cylinders with CE certificate,"US$1 000,00 - US$1 200,00",https://www.alibaba.com/product-detail/210L-liquid-gas-cylinders-with-CE_1600380069388.html
25,15lbs/10L/1.4m3 Medical Oxygen Cylinder for Ambulance and home used With ISO TPED CE Certifications,"US$13,00 - US$15,00",https://www.alibaba.com/product-detail/15lbs-10L-1-4m3-Medical-Oxygen_10000009213048.html
26,ISO CE DOT 5L 10L 20L 40L 47L 50L oxygen argon nitrogen gas cylinder,"US$16,00",https://www.alibaba.com/product-detail/ISO-CE-DOT-5L-10L-20L_1600209556812.html
27,"Free Sample The Middle East Yemen 2kg LPG cooking Gas Cylinder with CE,GS approval","US$5,00 - US$5,50",https://www.alibaba.com/product-detail/Free-Sample-The-Middle-East-Yemen_1600755891438.html
28,ISO9809 CE 2.7l 5l 8l 10l 40l 50l 68l Medical Oxygen Gas Cylinders Seamless Steel Cylinders,"US$19,50 - US$21,50",https://www.alibaba.com/product-detail/ISO9809-CE-2-7l-5l-8l_1600918971347.html
29,DOT CE ISO9809 empty lpg/propane/butane gas cylinder/tank,"US$55,00 - US$65,00",https://www.alibaba.com/product-detail/DOT-CE-ISO9809-empty-lpg-propane_50046087931.html
30,CE TPED industrial steel cylinder 50l 200bar 300bar hydrogen H2 co2 argon gas cylinder 40L CO2 cylinder,"US$116,00 - US$125,00",https://www.alibaba.com/product-detail/CE-TPED-industrial-steel-cylinder-50l_1600500310294.html
31,Minnuo 2kg lpg gas cylinder with ISO and CE,"US$7,20 - US$7,80",https://www.alibaba.com/product-detail/Minnuo-2kg-lpg-gas-cylinder-with_1600699920883.html
32,DOT CE ISO4706 12.5kg26.5L tare weight 15kg lpg propane butane gas cylinder tank bottle africa kitchen restaurant cooking,"US$26,00",https://www.alibaba.com/product-detail/DOT-CE-ISO4706-12-5kg26-5L_11000000708958.html
33,DOT CE ISO4706 BV 12.5kg26.5L tare weight 15kg lpg propane butane gas cylinder tank bottle for Yemen kitchen restaurant,"US$5,80 - US$7,90",https://www.alibaba.com/product-detail/DOT-CE-ISO4706-BV-12-5kg26_1600143863957.html
34,dot ce iso4706 26.5l lpg/propane/butane gas cylinder/tank/bottle market,"US$14,50",https://www.alibaba.com/product-detail/dot-ce-iso4706-26-5l-lpg_1600198699887.html
35,150bar 200bar 300bar oxygen argon co2 nitrogen steel cylinder gas cylinder price with TPED CE approval,"US$51,48 - US$52,43",https://www.alibaba.com/product-detail/150bar-200bar-300bar-oxygen-argon-co2_1600608228497.html
36,10L 15L 20L 40l 50L 68L CE ISO standard oxygen gas cylinder used for industry and medical,"US$59,50 - US$100,00",https://www.alibaba.com/product-detail/10L-15L-20L-40l-50L-68L_62014724192.html
37,DOT CE ISO4706 BV 12.5kg26.5L Tare Weight 15kg Lpg Propane Butane Gas Cylinder Tank Bottle,"US$15,00 - US$40,00",https://www.alibaba.com/product-detail/DOT-CE-ISO4706-BV-12-5kg26_1600216661387.html
38,CE TPED DOT3AL ISO7866 40L 47L 50L 150bar 200bar ALUMINUM gas cylinder,"US$260,00",https://www.alibaba.com/product-detail/CE-TPED-DOT3AL-ISO7866-40L-47L_1600573511041.html
39,CE/UN ISO Approval Steel Industrial Gas Cylinder Hydrogen/Nitrogen/Argon/Oxygen/CO2 Gas Cylinder,"US$52,00 - US$62,00",https://www.alibaba.com/product-detail/CE-UN-ISO-Approval-Steel-Industrial_1600690315445.html
40,10L CE standard gas Cylinders tanks empty oxygen cylinder oxygen gas cylinder used for industry and medical,"US$16,00",https://www.alibaba.com/product-detail/10L-CE-standard-gas-Cylinders-tanks_1600558351183.html
41,CE ISO9809 certificate nitrogen gas / industry oxygen / argon welding cylinder price helium gas for balloons gas cylinder,"US$30,10 - US$31,70",https://www.alibaba.com/product-detail/CE-ISO9809-certificate-nitrogen-gas-industry_1600262040087.html
42,DOT CE ISO4706 9kg lpg propane butane gas cylinder tank bottle kitchen restaurant cooking with SABS certififed V6S2 POL valve,"US$16,00",https://www.alibaba.com/product-detail/DOT-CE-ISO4706-9kg-lpg-propane_1600401102658.html
43,Top Sales in Africa Asia Customized 6kg LPG Gas Cylinder With ISO DOT CE Standards For Cooking And Camping Good Price,"US$9,00 - US$9,50",https://www.alibaba.com/product-detail/Top-Sales-in-Africa-Asia-Customized_1600137823276.html
44,DOT BV CE good quality best price 9kg 22L lpg gas bottles for camping with gas stove burner,"US$5,50 - US$100,00",https://www.alibaba.com/product-detail/DOT-BV-CE-good-quality-best_1600061096514.html
45,YA 40l 50L 68L CE ISO standard oxygen gas cylinder used for industry and medical,"US$50,00 - US$51,00",https://www.alibaba.com/product-detail/YA-40l-50L-68L-CE-ISO_1600546848955.html
46,DOT CE ISO4706 BV 12.5kg26.5L tare weight 15kg lpg propane butane gas cylinder tank bottle Yemen kitchen restaurant cooking,"US$26,00",https://www.alibaba.com/product-detail/DOT-CE-ISO4706-BV-12-5kg26_1600444009571.html
47,SEFIC lpg gas cylinder prices 9kg/12kg/12.5kg/15kg cooking gas tank,"US$8,00 - US$15,00",https://www.alibaba.com/product-detail/SEFIC-lpg-gas-cylinder-prices-9kg_60506646742.html
